CREATE DATABASE StudentDB;
USE StudentDB;
-- 1. Bảng Khoa
CREATE TABLE Department (
    DeptID CHAR(5) PRIMARY KEY,
    DeptName VARCHAR(50) NOT NULL
);

-- 2. Bảng SinhVien
CREATE TABLE Student (
    StudentID CHAR(6) PRIMARY KEY,
    FullName VARCHAR(50),
    Gender VARCHAR(10),
    BirthDate DATE,
    DeptID CHAR(5),
    FOREIGN KEY (DeptID) REFERENCES Department(DeptID)
);

-- 3. Bảng MonHoc
CREATE TABLE Course (
    CourseID CHAR(6) PRIMARY KEY,
    CourseName VARCHAR(50),
    Credits INT
);

-- 4. Bảng DangKy
CREATE TABLE Enrollment (
    StudentID CHAR(6),
    CourseID CHAR(6),
    Score FLOAT,
    PRIMARY KEY (StudentID, CourseID),
    FOREIGN KEY (StudentID) REFERENCES Student(StudentID),
    FOREIGN KEY (CourseID) REFERENCES Course(CourseID)
);
INSERT INTO Department VALUES
('IT','Information Technology'),
('BA','Business Administration'),
('ACC','Accounting');

INSERT INTO Student VALUES
('S00001','Nguyen An','Male','2003-05-10','IT'),
('S00002','Tran Binh','Male','2003-06-15','IT'),
('S00003','Le Hoa','Female','2003-08-20','BA'),
('S00004','Pham Minh','Male','2002-12-12','ACC'),
('S00005','Vo Lan','Female','2003-03-01','IT'),
('S00006','Do Hung','Male','2002-11-11','BA'),
('S00007','Nguyen Mai','Female','2003-07-07','ACC'),
('S00008','Tran Phuc','Male','2003-09-09','IT');

INSERT INTO Course VALUES
('C00001','Database Systems',3),
('C00002','C Programming',3),
('C00003','Microeconomics',2),
('C00004','Financial Accounting',3);

INSERT INTO Enrollment VALUES
('S00001','C00001',8.5),
('S00001','C00002',7.0),
('S00002','C00001',6.5),
('S00003','C00003',7.5),
('S00004','C00004',8.0),
('S00005','C00001',9.0),
('S00006','C00003',6.0),
('S00007','C00004',7.0),
('S00008','C00001',5.5),
('S00008','C00002',6.5);


-- Phan A
-- c1
create view View_StudentBasic as
select StudentID,FullName,DeptName from student s
join department d on s.DeptID = d.DeptID;

select * from View_StudentBasic;
-- c2
create index idx_fullName on student(fullName);
-- c3
delimiter //
create procedure GetStudentsIT()
begin
	select s.*, d.DeptName from student s join department d where s.DeptID = 'IT' and d.DeptName = 'Information Technology';
end //
delimiter ;
call GetStudentsIT;
drop procedure GetStudentsIT;

-- Phan B:
-- c4:
-- a:
create or replace view View_StudentCountByDept as
select d.DeptName,count(s.DeptID) as TotalStudents from student s 
join department d on d.DeptID = s.DeptID
group by s.DeptID, d.DeptName;

select * from View_StudentCountByDept;

-- b
select DeptName, max(TotalStudents) as maxStudentIndepartment from View_StudentCountByDept group by DeptName;

-- c5:
-- a:
delimiter //
create procedure GetTopScoreStudent(in p_CourseID varchar(255))
begin
	select studentID,max(Score) from enrollment group by CourseID,studentID;
end //
delimiter ;

call GetTopScoreStudent('C00001');